title,release_year,budget,revenue,roi
Avatar,2009,237000000.0,2781505847.0,11.7363115907173
Titanic,1997,200000000.0,1845034188.0,9.22517094
The Avengers,2012,220000000.0,1519557910.0,6.907081409090909
Jurassic World,2015,150000000.0,1513528810.0,10.090192066666667
Furious 7,2015,190000000.0,1506249360.0,7.927628210526316
Avengers: Age of Ultron,2015,280000000.0,1405035767.0,5.017984882142857
Frozen,2013,150000000.0,1274219009.0,8.494793393333333
Iron Man 3,2013,200000000.0,1215439994.0,6.07719997
Minions,2015,74000000.0,1156730962.0,15.631499486486486
Transformers: Dark of the Moon,2011,195000000.0,1123746996.0,5.762805107692308
