title,release_year,vote_average,vote_count,weighted_rating
The Shawshank Redemption,1994,8.4,5754,7.9670441550256434
The Dark Knight,2008,8.1,8432,7.827034933051754
The Godfather,1972,8.3,3970,7.747402670561744
Fight Club,1999,8.1,5923,7.732921982429509
Pulp Fiction,1994,8.1,5343,7.7011313192781605
Inception,2010,7.9,9767,7.684154135682421
Interstellar,2014,8.0,6498,7.677047739883314
Forrest Gump,1994,8.1,4856,7.6698517831174655
The Lord of the Rings: The Return of the King,2003,7.9,5636,7.556593833899054
Guardians of the Galaxy,2014,7.9,5612,7.555410711637469
